{"cameraMode":{"drawMode":0,"name":"Shaded","section":"Shading Mode"},"sceneLighting":false,"audioPlay":false,"sceneViewState":{"showFog":true,"showMaterialUpdate":false,"showSkybox":false,"showFlares":true,"showImageEffects":true,"showParticleSystems":true},"in2DMode":false,"pivot":{"x":-1.8299999237060547,"y":1.880000114440918,"z":0.0},"rotation":{"x":-0.10362326353788376,"y":-0.00239035626873374,"z":0.0002504014119040221,"w":-0.9946178793907166},"size":1.0356156826019288,"orthographic":false}