{"cameraMode":{"drawMode":0,"name":"Shaded","section":"Shading Mode"},"sceneLighting":false,"audioPlay":false,"sceneViewState":{"showFog":true,"showMaterialUpdate":false,"showSkybox":false,"showFlares":true,"showImageEffects":true,"showParticleSystems":true},"in2DMode":false,"pivot":{"x":-2.3176112174987795,"y":-0.4601685404777527,"z":19.16094970703125},"rotation":{"x":0.006324141751974821,"y":-0.4758143126964569,"z":-0.00342154479585588,"w":-0.8795177936553955},"size":1.9234505891799927,"orthographic":false}