{"cameraMode":{"drawMode":0,"name":"Shaded","section":"Shading Mode"},"sceneLighting":false,"audioPlay":false,"sceneViewState":{"showFog":true,"showMaterialUpdate":false,"showSkybox":false,"showFlares":true,"showImageEffects":true,"showParticleSystems":true},"in2DMode":false,"pivot":{"x":-1.4326751232147217,"y":0.8395353555679321,"z":0.0},"rotation":{"x":-0.01673753745853901,"y":0.0919540598988533,"z":-0.0015460103750228882,"w":-0.9956229329109192},"size":0.36742347478866579,"orthographic":false}