{"cameraMode":{"drawMode":0,"name":"Shaded","section":"Shading Mode"},"sceneLighting":false,"audioPlay":false,"sceneViewState":{"showFog":true,"showMaterialUpdate":false,"showSkybox":false,"showFlares":true,"showImageEffects":true,"showParticleSystems":true},"in2DMode":false,"pivot":{"x":0.03752613067626953,"y":2.512230157852173,"z":-0.33114373683929446},"rotation":{"x":0.08704183995723725,"y":-0.0597408264875412,"z":0.005229257512837648,"w":0.9944002628326416},"size":8.938477516174317,"orthographic":false}