{"cameraMode":{"drawMode":0,"name":"Shaded","section":"Shading Mode"},"sceneLighting":false,"audioPlay":false,"sceneViewState":{"showFog":true,"showMaterialUpdate":false,"showSkybox":false,"showFlares":true,"showImageEffects":true,"showParticleSystems":true},"in2DMode":false,"pivot":{"x":0.09650993347167969,"y":2.4668688774108888,"z":-0.25147032737731936},"rotation":{"x":0.08704183995723725,"y":-0.0597408264875412,"z":0.005229257512837648,"w":0.9944002628326416},"size":8.813898086547852,"orthographic":false}