{"cameraMode":{"drawMode":0,"name":"Shaded","section":"Shading Mode"},"sceneLighting":false,"audioPlay":false,"sceneViewState":{"showFog":true,"showMaterialUpdate":false,"showSkybox":false,"showFlares":true,"showImageEffects":true,"showParticleSystems":true},"in2DMode":false,"pivot":{"x":0.0,"y":1.236795425415039,"z":12.920000076293946},"rotation":{"x":0.08704183995723725,"y":-0.0597408264875412,"z":0.005229257512837648,"w":0.9944002628326416},"size":27.04629135131836,"orthographic":false}