{"cameraMode":{"drawMode":0,"name":"Shaded","section":"Shading Mode"},"sceneLighting":false,"audioPlay":false,"sceneViewState":{"showFog":true,"showMaterialUpdate":false,"showSkybox":false,"showFlares":true,"showImageEffects":true,"showParticleSystems":true},"in2DMode":false,"pivot":{"x":-7.092945098876953,"y":-0.03359818458557129,"z":0.4886848032474518},"rotation":{"x":0.08704183995723725,"y":-0.0597408264875412,"z":0.005229257512837648,"w":0.9944002628326416},"size":8.194601058959961,"orthographic":false}