{"cameraMode":{"drawMode":0,"name":"Shaded","section":"Shading Mode"},"sceneLighting":false,"audioPlay":false,"sceneViewState":{"showFog":true,"showMaterialUpdate":false,"showSkybox":false,"showFlares":true,"showImageEffects":true,"showParticleSystems":true},"in2DMode":false,"pivot":{"x":0.10000008344650269,"y":2.0500001907348635,"z":0.0},"rotation":{"x":-0.0044592758640646938,"y":0.9818587303161621,"z":-0.18812808394432069,"w":-0.02327347733080387},"size":5.012444496154785,"orthographic":false}