{"cameraMode":{"drawMode":0,"name":"Shaded","section":"Shading Mode"},"sceneLighting":false,"audioPlay":false,"sceneViewState":{"showFog":true,"showMaterialUpdate":false,"showSkybox":false,"showFlares":true,"showImageEffects":true,"showParticleSystems":true},"in2DMode":false,"pivot":{"x":-0.21071267127990724,"y":2.814028263092041,"z":-0.014205098152160645},"rotation":{"x":0.09493929892778397,"y":-0.3130739629268646,"z":-0.031484946608543399,"w":-0.9444586634635925},"size":3.089080333709717,"orthographic":false}