{"cameraMode":{"drawMode":0,"name":"Shaded","section":"Shading Mode"},"sceneLighting":false,"audioPlay":false,"sceneViewState":{"showFog":true,"showMaterialUpdate":false,"showSkybox":false,"showFlares":true,"showImageEffects":true,"showParticleSystems":true},"in2DMode":false,"pivot":{"x":0.44984865188598635,"y":0.5723390579223633,"z":-0.22517156600952149},"rotation":{"x":0.08704183995723725,"y":-0.0597408264875412,"z":0.005229257512837648,"w":0.9944002628326416},"size":23.289857864379884,"orthographic":false}