{"cameraMode":{"drawMode":0,"name":"Shaded","section":"Shading Mode"},"sceneLighting":false,"audioPlay":false,"sceneViewState":{"showFog":true,"showMaterialUpdate":false,"showSkybox":false,"showFlares":true,"showImageEffects":true,"showParticleSystems":true},"in2DMode":false,"pivot":{"x":0.10000008344650269,"y":2.0500001907348635,"z":0.0},"rotation":{"x":0.08719523996114731,"y":0.008960769511759282,"z":-0.0007843477069400251,"w":0.9961507320404053},"size":2.3124442100524904,"orthographic":false}