{"cameraMode":{"drawMode":0,"name":"Shaded","section":"Shading Mode"},"sceneLighting":false,"audioPlay":false,"sceneViewState":{"showFog":true,"showMaterialUpdate":false,"showSkybox":false,"showFlares":true,"showImageEffects":true,"showParticleSystems":true},"in2DMode":false,"pivot":{"x":-0.8683707118034363,"y":-0.33678364753723147,"z":0.0},"rotation":{"x":-0.2515394985675812,"y":0.08640312403440476,"z":-0.022550033405423166,"w":-0.9637320041656494},"size":5.249493598937988,"orthographic":false}