{"cameraMode":{"drawMode":0,"name":"Shaded","section":"Shading Mode"},"sceneLighting":false,"audioPlay":false,"sceneViewState":{"showFog":true,"showMaterialUpdate":false,"showSkybox":false,"showFlares":true,"showImageEffects":true,"showParticleSystems":true},"in2DMode":false,"pivot":{"x":-4.599999904632568,"y":0.9099999666213989,"z":0.0},"rotation":{"x":0.24593065679073335,"y":0.13037504255771638,"z":-0.03340251371264458,"w":0.9599007368087769},"size":1.3614531755447388,"orthographic":false}