{"cameraMode":{"drawMode":0,"name":"Shaded","section":"Shading Mode"},"sceneLighting":true,"audioPlay":false,"sceneViewState":{"showFog":true,"showMaterialUpdate":false,"showSkybox":true,"showFlares":true,"showImageEffects":true,"showParticleSystems":true},"in2DMode":false,"pivot":{"x":-5.289999961853027,"y":0.9099999666213989,"z":3.490000009536743},"rotation":{"x":0.14470551908016206,"y":-0.08892948925495148,"z":0.013059674762189389,"w":0.9853866696357727},"size":6.681527614593506,"orthographic":false}